ds_first_name,ds_middle_name,ds_surname,ds_internal_identification,dt_created,id_user_created
Bendix,Sisse,Bentote,Ehrendorferia chrysantha (Hook. & Arn.) Rylander,2022-10-09 17:28:30,2
Trumann,Baddow,Whitby,Pereskia Mill.,2021-12-03 22:14:47,4
Maudie,Lupton,Gladwish,Dasylirion Zucc.,2022-08-05 18:46:25,8
Shelby,Krishtopaittis,McGrann,Solidago speciosa Nutt. var. speciosa,2022-08-19 16:24:18,4
Toddie,Rains,Pittaway,Passiflora anadenia Urb.,2021-12-29 18:51:25,3
Allie,Nolte,Abramov,Abronia gracilis Benth.,2022-03-01 02:35:06,2
Brittani,Eaddy,Geratasch,Aegilops bicornis (Forssk.) Jaub. & Spach,2022-11-28 23:59:51,9
Mark,MacLachlan,Gladtbach,Eucalyptus orbifolia F. Muell.,2022-05-12 12:42:52,10
Fancie,Beckers,MacGraith,Dicoria canescens A. Gray,2022-01-14 05:09:45,6
Eadie,Meadowcraft,Litster,Pyrus pyrifolia (Burm. f.) Nakai,2022-10-11 09:50:51,8
Hermione,McNirlin,Lambdin,Draba scotteri G.A. Mulligan,2021-11-20 14:40:59,10
Madonna,Scoyne,Crombie,Distictis buccinatoria (DC.) A.H. Gentry,2022-05-11 03:00:55,7
Roosevelt,Cowing,Cosgrove,Poa stebbinsii Soreng,2022-02-15 19:20:31,8
Sigismondo,Satyford,Casswell,Alchorneopsis portoricensis Urb.,2022-01-10 02:43:45,9
Glad,Reford,Booler,Quercus ×byarsii Sudw.,2021-12-31 13:39:59,3
Augy,Thacker,Cant,Monarda maritima (Cory) Correll,2022-03-23 18:30:51,5
Bertina,Annakin,Chilcott,Astragalus conjunctus S. Watson var. conjunctus,2022-03-25 16:23:43,10
Cull,Fidian,Winwright,Psilolechia lucida (Ach.) M. Choisy,2022-02-14 02:15:37,9
Jesselyn,Iglesia,Baytrop,Hylotelephium spectabile (Boreau) H. Ohba,2022-01-04 11:12:07,2
Agretha,Jeacocke,Yurocjhin,Prinsepia sinensis (Oliv.) Oliv. ex Bean,2022-07-16 03:24:03,5
Gavin,Showen,Beevers,Penstemon floridus Brandegee var. floridus,2022-11-03 03:12:16,8
Alyssa,Wank,Myrkus,Schefflera gleasonii (Britton & P. Wilson) Alain,2022-05-10 00:03:50,4
Claude,Overall,Pengelley,Papaver argemone L.,2021-11-28 08:33:09,9
Nedi,Brimblecomb,Baudrey,Candelariella terrigena Rasanen,2022-10-25 11:48:56,10
Granthem,Sooper,Glandon,Erigeron petrophilus Greene var. petrophilus,2022-09-03 19:52:15,4
Aurlie,Kiddle,Grise,Rubus whartoniae L.H. Bailey,2021-12-26 07:11:39,3
Lynde,Machel,Lorenz,Buellia lecanoroides H. Magn.,2022-03-19 21:53:06,4
Nedda,Napier,Megarrell,Festuca heterophylla Lam.,2022-05-30 03:36:09,9
Northrup,Klimus,Vinson,Monarda citriodora Cerv. ex Lag.,2022-05-12 18:52:48,4
Saunderson,McGrath,Thaim,Crotalaria cajanifolia Kunth,2022-01-10 07:01:41,1
Anson,Ramberg,Serris,Cassine xylocarpa Vent.,2022-04-25 17:51:39,4
Pamelina,Janecek,Eckford,Trifolium longipes Nutt.,2022-10-08 16:13:10,9
Curt,Zannolli,Giblett,Acacia verticillata (L'Hér.) Willd.,2022-04-10 23:13:43,3
Nadine,Deniskevich,Spours,Alisma gramineum Lej.,2022-08-15 08:44:19,10
Vachel,Rollinson,Domini,Ericameria greenei (A. Gray) G.L. Nesom,2022-06-07 22:56:37,1
Ingeberg,Regan,Barbara,Axyris L.,2022-10-31 05:56:31,7
Alvan,Leipnik,Bernetti,Clematis hirsutissima Pursh var. scottii (Porter) Erickson,2022-01-05 18:45:35,6
Farris,Doby,Ballay,Penstemon spectabilis Thurb. ex A. Gray ssp. subviscosus D.D. Keck,2022-04-17 02:09:23,2
Zachariah,Garlee,Defty,Ivesia shockleyi S. Watson,2021-12-17 03:36:11,8
Merrili,Petrecz,Housin,Sideroxylon reclinatum Michx. ssp. reclinatum,2022-02-28 07:21:29,1
