ds_login,ds_name,ds_email,hs_password,dt_created
tmckissack0,Tuck McKissack,tmckissack0@free.fr,22b4b5a7a46d9c424fa815432f73803167adf0fe67ff8cf41515cb7a7ee3e017,2022-11-14 05:27:21
smc1,Sibelle Mc Coughan,smc1@squarespace.com,ecf049c79817091e830703276f15090eeb2aa73453cf95969c73212a89865187,2021-11-21 05:04:16
sblader2,Sandro Blader,sblader2@diigo.com,287a08f1c369b48e4d2949704ab319c1635adfe7469091f7d8c77f459a8e1266,2022-11-27 08:00:51
vsennett3,Viki Sennett,vsennett3@typepad.com,897d684393a0c3d07d586e478df193fa11abb6417e4a538a9ebf4ce5f8c39b1f,2022-04-27 19:16:39
mogger4,Marisa Ogger,mogger4@booking.com,3fe6946c655446f30e406fd3c0581a4e8d0081016c77eca6dc184567fd099143,2022-08-25 02:47:22
pjeste5,Patrick Jeste,pjeste5@ebay.co.uk,ebaef8e7640d14180a4b9eceb1f07f954e34fa64de1e02b244c440ab7907a709,2022-11-02 19:31:57
dplott6,Dara Plott,dplott6@issuu.com,bd68fddbaa938a1b4a62547c7969abd6870c34ff876df8c28b1f7abd77624620,2022-10-19 05:08:01
bbohey7,Bobette Bohey,bbohey7@stumbleupon.com,1df046adcecb37f2b30088c8f94d23d1909f96cb780dc1d60fe2654a2d1d9836,2022-06-04 15:03:03
fblakey8,Frederique Blakey,fblakey8@pen.io,6d8997c3124566eb8e9040ba224f4398c1daf1caa195261eed8e85dd8030943d,2022-07-05 10:02:06
nhetterich9,Northrup Hetterich,nhetterich9@flavors.me,8fbd0f49741d1227ae7867c1f1cc258cb2e577f8791ae904b7d6cac62f777771,2022-01-22 03:36:18
napsa,Neill Aps,napsa@dailymail.co.uk,ed88811dcab5cb2d626f6260cfdf40e5fa205fcc12ac07e6c54f2e3ea4d2c435,2021-12-21 15:44:01
brundallb,Bat Rundall,brundallb@nsw.gov.au,cbe1d5be563f783be59164c3a4344f208dbe692b4d69dc1611580b7525e93b7d,2022-08-08 14:09:18
gmckainc,Gilli McKain,gmckainc@npr.org,c0563e479dd609f1267f6b7579455f8475338e94ed739cabf738b552c818f385,2021-12-25 07:08:35
aosmond,Adorne Osmon,aosmond@creativecommons.org,1fbc5ea0760a5fb5310c2a9e35906dcbff9b7a7ca3adb559535127b1e89c4235,2022-03-13 12:30:09
dtomase,Deborah Tomas,dtomase@hugedomains.com,ecfdba68091669d4bf7caaf2d44089e2479730ac21464227b8a1fe42e8d16bf0,2022-02-21 14:56:13
tmcilhaggaf,Tobiah McIlhagga,tmcilhaggaf@nature.com,9c3aee3252563e53fce5eeb7efa853eadb64d0e1c52250f301c079c52531e195,2022-09-23 05:36:43
rcrumptong,Rawley Crumpton,rcrumptong@miitbeian.gov.cn,26151a0cb0e4586ed10723babc7ded0ef76016e1a5978828978d6bd47254948d,2022-03-25 19:13:41
lknottonh,Lauryn Knotton,lknottonh@examiner.com,a98ece0a913a21bd3bdacdd70b3dc0a41f0e51ee2f910073d14def2a4852a66f,2022-10-31 02:46:35
ebarri,Evangeline Barr,ebarri@unc.edu,6fdab4220e796cbd5e65c709e80706695d8cf2f859ceb5d8bed9c5ece8400bf4,2022-09-29 15:16:29
lliesj,Lauren Lies,lliesj@t-online.de,6717db1277e6d48516bf46ac5a1cdac84e20830ae16ad2039cd5505872aaef0e,2022-09-17 15:29:16
cmcroriek,Charmine McRorie,cmcroriek@opensource.org,f5f7f2fe484fed5f6f8263adf9b36f6602b8583fe3919eb7a27549014dd5e7ee,2022-02-27 10:30:38
avakhlovl,Anstice Vakhlov,avakhlovl@sciencedaily.com,90b06e13948a51fb52b2bd1c382191509d4ffdaa82a98129ee907e7c2527afb5,2022-03-26 07:09:32
gtraskm,Gilbertina Trask,gtraskm@cocolog-nifty.com,19d5e3e67e9ec2a57251d382d084ad9115ee838f5f81bb4958d87b4912b855cb,2022-03-28 22:33:11
cplankn,Carlyn Plank,cplankn@wunderground.com,9b5c44e2f88cf37e4fde18fe44b5fdf154becaa83e5fdb78dd17045852cb7ed7,2021-11-25 05:43:50
ibroszkiewiczo,Ilsa Broszkiewicz,ibroszkiewiczo@cnn.com,27e8f3ce7fbd5dd3b3cfe91b5564dab59529dc1a90fd5ba40a55f0e4e27ebdd6,2021-12-03 07:32:42
ssnowmanp,Sunny Snowman,ssnowmanp@gizmodo.com,7b130b6897b060febdbd787e1260e996410167460873acfa4e73d8bc62f352dd,2022-03-10 10:12:08
clovittq,Consolata Lovitt,clovittq@omniture.com,11f0bfb461eb12bd6e2599287f39df7ddd765590173ada5687b54c592c1e0e38,2022-03-24 21:28:30
smaruskar,Shea Maruska,smaruskar@hhs.gov,44f9011f672cbae4114e28249cbe496664499cabb359e3df3787e693b9e3efb3,2022-08-31 12:33:10
lraspins,Lexis Raspin,lraspins@ox.ac.uk,29b931ca7177a9731bd9286bd5d48c6b924ac99b64ca1720c62d81ff831c690c,2022-03-07 14:34:04
ailemt,Ansell Ilem,ailemt@histats.com,af0def47531f55cda2dfc093add9be0f8e66f522e2065ff408d9aff74259abb6,2022-02-01 09:11:44
lpiperleyu,Lorain Piperley,lpiperleyu@bloomberg.com,ed0e91a72c15ddf2d9b1a5dc79067855cbbda96af54756d9bf9eaf0a93d75e0e,2022-06-15 13:07:09
bsymingtonv,Beverlie Symington,bsymingtonv@furl.net,3ef7ddb907a16115a961a49cca4f345c7c8a4b50a295a64cf89b2bf4d923a818,2022-10-04 17:22:24
arheamw,Alexandros Rheam,arheamw@tuttocitta.it,f9c37aea02484d614fe44b9211817a66c52d4ad7fdb1f1611c95733d5192dc0b,2022-08-17 07:53:13
bsenettx,Bordy Senett,bsenettx@hexun.com,574262024cd1d32b45c295ceca9a31b4f1e2e1376cc85b62cf228b6aa91a796f,2022-05-07 05:41:16
cducarmey,Claudette ducarme,cducarmey@freewebs.com,31cbe55e2fa15178da6dcf274dce4b4348266d273c9dfeb81f7d2be06d26ca44,2022-02-07 04:22:52
dlancettz,Davidde Lancett,dlancettz@weibo.com,965b488fe8a9a8c14e43cedad84bc4ae3b731ef70f83fd760e9b9788bbf42d88,2022-09-19 10:20:43
dgandey10,Dun Gandey,dgandey10@oakley.com,ed79ccffb0c0b1e24b5f9f7c6df3b90fdc78787b5cf4b7730dfbbf72d60dc4f6,2021-12-14 18:43:59
emacro11,Ellissa Macro,emacro11@samsung.com,b6156379967229c58ce5c019829d4b3ee0c85980d8f6e27f9b59d627c5975aad,2022-02-05 14:12:08
ntremontana12,Nicholas Tremontana,ntremontana12@weebly.com,6d847e64ca58afda56ceaf7d010b027fff50ef3166865b37c61fc3af814a3e56,2022-06-30 11:38:18
ryateman13,Robbie Yateman,ryateman13@go.com,ea56184dccb60ece9717d58edfdbf6c078e7114c91f7d20c169e3dcbffeeb268,2021-12-06 05:51:41
hgronav14,Hurley Gronav,hgronav14@craigslist.org,920e46b280757c18d6201b0166914235aabbf15b79c757f5b9d8be9e18003741,2022-10-28 01:23:19
bmeric15,Berni Meric,bmeric15@hugedomains.com,cc122945e0b54268c00d1bc0a681e9afd6485c3544b991f59b37fddcf232be33,2022-04-14 17:27:51
cmerrell16,Celia Merrell,cmerrell16@latimes.com,4d5602ab54c7ab1401c902013665dc78a4daa3743d80da08fcf1a1d6b6aa2a09,2022-09-20 22:22:48
esoars17,Emanuele Soars,esoars17@dmoz.org,edc05c7acebff8e4687d1a588cbfb139f0d5c93c4808cffebeb124aa7025e3f7,2022-06-10 11:03:00
gbarock18,Gibbie Barock,gbarock18@cbslocal.com,d3d166e1490a58dfc4109402c987653bebd6b10e064a70d12cf406aeef8c891e,2022-01-16 01:11:13
rtollmache19,Rodina Tollmache,rtollmache19@icio.us,db6992c4a412baf238774327f22d685302c9be02fa2fad217ff0c4b944583071,2022-08-12 15:49:33
jvarren1a,Justinn Varren,jvarren1a@nhs.uk,660397c1a1d2ac8205060adfdd795473a4eff8e379473a2d783622da11bf85a7,2022-05-23 11:52:30
rbushen1b,Rodolfo Bushen,rbushen1b@soundcloud.com,1e15003ee7582dc4141797efa559caa6fd5de69f831f83b4b306138b9a0fbd53,2022-04-28 04:36:55
nfigura1c,Nessy Figura,nfigura1c@issuu.com,75788801a21e35abdd64e0884207670e30b825d7ede6991e27e95519c2f5a3b1,2022-07-23 11:25:24
bnavaro1d,Beverlee Navaro,bnavaro1d@hostgator.com,6040f4985d55ef522c46e6f3cb342794ab7369bbfd5800890d717a17dff0492c,2022-01-31 07:06:32
ghumfrey1e,Gil Humfrey,ghumfrey1e@wikipedia.org,d74ed2d18cbb8f983f1190db515a658123b58484af85db8262a86924a7f0940d,2021-12-23 10:44:51
wdomeney1f,Wayland Domeney,wdomeney1f@opensource.org,f0b221470655a1f24fb06965dd6247de68ba1a49c59a66c6462cb50689c5b9ec,2022-03-03 18:50:35
rfolke1g,Rupert Folke,rfolke1g@ftc.gov,c1298105baec0efff6fad83570019dd7222b640f72fb7aee94ccd8d61580b42b,2022-02-06 03:33:02
daasaf1h,Dusty Aasaf,daasaf1h@ucla.edu,b9c44f0b3f3afc6e672efa1a6c5b95ec8a3b3a8ce2be1de045d848b4f527571b,2021-11-27 07:58:26
bbridgland1i,Braden Bridgland,bbridgland1i@sourceforge.net,bb437d56c78f65a7d7122ea9d1bfe7e0ccd6992f307a5768ac1f2adcd22829b0,2022-08-22 02:28:47
cjaukovic1j,Christophe Jaukovic,cjaukovic1j@whitehouse.gov,203d26ded69b306ac79d5a91189323995f22af0104ba78b2287d59e2d716f1c1,2022-06-26 22:10:52
rdownie1k,Ricky Downie,rdownie1k@tiny.cc,634003612de1f14a33e97dd8d3d6053363cdcb4f7882f7e2972d9cf5be32d6d2,2022-01-02 05:58:11
tcluckie1l,Teriann Cluckie,tcluckie1l@hhs.gov,afe1294f6948c921e82b8e6c2f553edc82e7fcba991a09dd9f7283a98817e802,2022-02-09 02:40:53
jpettiford1m,Judd Pettiford,jpettiford1m@google.ru,603fb365ec402dab69c89c46a7da44595710cc0bce90d7ca3473be23dd1cbb87,2022-03-28 10:16:57
aabramowsky1n,Alysa Abramowsky,aabramowsky1n@ibm.com,8352a4b3add578da528df6fcf726b29eab2ca5b984b2530c9267954332d64366,2022-04-28 21:50:20
lmcloney1o,Layney McLoney,lmcloney1o@bloomberg.com,d553ed3a23539ad8e467b83680194001ae6af2b013c353486ca8ee16e5c185cb,2022-09-18 10:41:00
cmcelrath1p,Cort McElrath,cmcelrath1p@tiny.cc,2c8cb9c49abd495e0276488c2bc1a45be79444099a6b0ccaf94905d6d04add55,2021-12-13 04:52:41
llease1q,Lorraine Lease,llease1q@freewebs.com,ef7c142325dd1543f9697f3ed781ca4f4579c58b524fb720236bb5e7c3a3f38f,2022-05-22 18:49:03
cwykes1r,Curcio Wykes,cwykes1r@netlog.com,7777270f732c0350afede68ad0af765b4f2150740d6d71a415061dc5fbd6d2c8,2022-11-17 11:30:55
aoveral1s,Abram Overal,aoveral1s@alexa.com,36c6da332a4a4aed304683b49fa1940162bc2812dc10b4f8b8a13a980fafb4cc,2021-12-04 23:50:45
sdabs1t,Sioux Dabs,sdabs1t@gmpg.org,5159a3b9db6496d70f280b38da1000140ee107493367ee0aafd3fdfc653a4e61,2022-07-20 22:07:47
tbrideau1u,Tallie Brideau,tbrideau1u@ocn.ne.jp,1f5a062794e1951ef6ecc447221dc8fe817bef81ebbd4a72cb2781ea5d9f6c67,2022-08-01 17:32:49
rpendleberry1v,Redd Pendleberry,rpendleberry1v@ocn.ne.jp,209cbbcdb59c68dc86810505fbf405fa03ad880907e1431a9735cd5d449c2d9f,2021-11-24 16:00:32
mcrampton1w,Munroe Crampton,mcrampton1w@gizmodo.com,9a5c2716f92edab4f5f4b117cefecef939c22ed248585027c128bc1e4b930f46,2021-11-24 11:30:12
adurante1x,Anthiathia Durante,adurante1x@t-online.de,52f09fc7b33b38edb31a30cb529a9aae8ac2ada9b6365197cbf2745b10a1c10b,2022-09-29 21:40:12
nlinne1y,Nertie Linne,nlinne1y@reverbnation.com,b082927bf44c4412ebca89934088ee9a4f8086dec6dc0d8f9b4a6dd7a7c49460,2022-11-08 07:07:09
alegrave1z,Allison Legrave,alegrave1z@newsvine.com,87799b2554580ec1b5bd7369e5b792d158313390b1e5d645048fb05677bde7c4,2021-12-23 17:16:54
apetschel20,Aigneis Petschel,apetschel20@histats.com,f5b577aebcfe18f4b159b3563b64bbfaf052ae9785f29cb81eba657c9c6c9399,2021-11-29 19:41:23
zclever21,Zonnya Clever,zclever21@dell.com,98174cbf20215aed57dc73a6c68b5ac642e0f552a035662cca6885a0cef134c3,2021-12-16 17:30:00
rmoreinis22,Reiko Moreinis,rmoreinis22@zimbio.com,e1a210c75f4f7c4785f4e88fe584eb549d894f132abc671d59ad3c53efc08071,2022-03-04 15:01:19
bcroston23,Bart Croston,bcroston23@smh.com.au,5749b36810906dd524d6029a00c0a43717e82c58a699984abb1758a382874cf2,2022-03-07 13:47:26
jizakoff24,Jeanette Izakoff,jizakoff24@amazonaws.com,ba6875f478841866a0fcae691e72a9a004d17acdcc5d469a885b198b146f92d1,2022-11-15 21:55:07
lhylden25,Latrena Hylden,lhylden25@aol.com,f1b729d513d937f136df179b04dedc3f98537d8c306272377bfbd023b0b1dbf8,2022-08-17 03:53:47
mgosden26,Morena Gosden,mgosden26@multiply.com,c5ac66b4018f0c1648af3f6ecc185cdbb585d6336f411836620ba0f8086d7b7c,2022-08-12 02:54:28
ipringuer27,Isabella Pringuer,ipringuer27@ft.com,424ff1716ad9a25dad7788c067d5cbfb4e16bb23db53afdc2f7272acb3ac541c,2022-03-18 22:39:52
bvere28,Beltran Vere,bvere28@economist.com,cecbc483282cf0977f94d91f15dae30b0ab8ed4f7c95d683b431942fbc3fb03f,2022-05-04 13:54:34
mmacgibbon29,Mil MacGibbon,mmacgibbon29@ameblo.jp,59c95e81d243417134b88397e0066d6196c9b3952136c2dd3ed2898adb9bfa4a,2022-05-09 04:30:47
cdelicate2a,Cooper Delicate,cdelicate2a@yolasite.com,eb7e39d47890619d5b3eec1bddba11e1ee23f5dd8c3654de3adca602f39d9585,2022-01-14 17:04:15
tfullwood2b,Tallie Fullwood,tfullwood2b@phpbb.com,ba9718d81b4803a4f488dbf1bcec71a9c08d88e3ef0d1964252c25adc7a17fd3,2022-09-25 14:26:22
mofeeney2c,Millie O'Feeney,mofeeney2c@lycos.com,d5a1e8b36b53543b18d2afe3fae7c6f3038bf46c07efec2865aa2941a2d001f7,2022-01-15 23:42:22
bwakenshaw2d,Bran Wakenshaw,bwakenshaw2d@sciencedaily.com,013bdb14016db9efc345769b7ede960e6592230c9d9ffe99494228a2d1d82be7,2022-06-25 20:16:55
kfolk2e,Kipp Folk,kfolk2e@wiley.com,6d02e263e35aa94fd37c5c64d0d7175ae78091b279c39b44e7160d0481ed2113,2022-01-19 01:09:05
pbenedicto2f,Percival Benedicto,pbenedicto2f@ustream.tv,0c5809d12391725ce18a7815757c3008ada54662af356c900495c1776948c804,2022-07-27 11:46:13
hainscow2g,Howie Ainscow,hainscow2g@pagesperso-orange.fr,4d7659a1ea1f1f5b8c919e0bdbdfcd710bced8fee5f349a0088121d950ff00a0,2022-03-30 03:16:44
hdarwent2h,Hamish Darwent,hdarwent2h@topsy.com,b591dc1141f998326f08591047eac62ba6d2970bbbf7e348b188a5699a21435f,2021-12-22 11:46:21
khebble2i,Keslie Hebble,khebble2i@icio.us,3d653cec1d0d758187aa30bdb6e5ce0c02595ab3346b7bb2a97d499663dca9fa,2022-08-26 03:15:06
cbeebee2j,Charmane Beebee,cbeebee2j@hugedomains.com,9c3b6b78f4364d8a025f4a7783d2c796d27acb0fd9df784d304150b46db8337c,2022-04-10 21:50:03
ghogsden2k,Gerrie Hogsden,ghogsden2k@pagesperso-orange.fr,701cb07084b850a5a2d044e6d68dce4d2d7647142c6b17171a555d3ed651e5f7,2022-07-17 20:24:55
rdrinnan2l,Rene Drinnan,rdrinnan2l@chron.com,d615e6629e4d47c11836894ac69c5e05a70ed3e5b17b443d727d4eefa597cd13,2022-09-19 11:21:37
afrankema2m,Alfi Frankema,afrankema2m@msu.edu,5f56f7ea2e3ad37b2332f3297cb53865400de13b8113cef17ea9fedeac50de67,2022-03-03 08:47:23
mverne2n,Maridel Verne,mverne2n@netvibes.com,cc62fe06be284efd281624093ded8a9e087234809e9ad0ddfc58450f5ad632ea,2022-09-19 06:56:51
mneville2o,Millicent Neville,mneville2o@hostgator.com,643260dfeeb4fb6c7c9e0858bcec64d994029fafce8c1b7b0784e7dd8f3d75ec,2022-08-21 11:56:28
lmogridge2p,Luisa Mogridge,lmogridge2p@redcross.org,f58f834b21be82b57fcb104b64d1f8e634bb5cd23a108933f9eed7e5bf266063,2022-04-20 07:52:39
wjuliano2q,Waly Juliano,wjuliano2q@ezinearticles.com,c8042a9415d679910aaf717395a26b8a732c01d3166397aced7839dcdbdff13d,2022-08-15 09:00:26
jscates2r,Jaimie Scates,jscates2r@histats.com,0caee2af7cfce0ad8f397678a747a7db3516429a3f3e7985ebadc89098886df5,2022-11-14 23:23:37
psedge2s,Perren Sedge,psedge2s@washingtonpost.com,0a62b0784138cab777c5ad7d7d35887c1a2ec16154a6f73f532536d2228c106a,2022-03-11 01:34:35
tsouthers2t,Tommy Southers,tsouthers2t@weibo.com,cd14f19596fbec07cd831817633bae6060b7a0559f33738bc3ca7eaf75b4a2a9,2022-07-14 06:36:48
rsmy2u,Rey Smy,rsmy2u@so-net.ne.jp,84ec8e332155334a8ef1880a26df123374ce9a3738d84d61ae7d486a46152802,2022-09-06 09:22:07
mclaw2v,Maxie Claw,mclaw2v@phoca.cz,0901a10560fb379f553344673c9345160641984f82c9cfd7548702c550364c1b,2022-11-10 20:04:37
geathorne2w,Genna Eathorne,geathorne2w@biglobe.ne.jp,334868b088d0ec05a551a205bf8309183dee05e673100260878de1462fe566ab,2022-01-19 14:44:38
gbenedite2x,Gay Benedite,gbenedite2x@1und1.de,2d6f2a8a308331fcd15eb00a27679ed7bab2309c5256f880682c014fd020b7e3,2022-04-23 23:08:04
mmacandie2y,Mada MacAndie,mmacandie2y@google.pl,89c0ee66e5cb9d8f01b4dd7d6f0af8c8ad390ad20f42180c79cbbfc788f0fa04,2022-10-31 08:28:22
fhinners2z,Fletch Hinners,fhinners2z@tripod.com,510c77a3d9e233180e33e4b7d6069e80f0a0b04d7533eb3de586775299180f6b,2022-09-29 06:11:21
enetley30,Ewan Netley,enetley30@joomla.org,66f265537d7b1240993f58ddb4ad00baf09ce7f99c1faa288933a37e02e81766,2022-06-30 18:40:45
fplunkett31,Feliks Plunkett,fplunkett31@accuweather.com,d32313e8b3e33facc86b0e0fd18a93dea64d602c9dd5f1f7367719c566526d78,2022-02-18 02:24:06
kizak32,Kimbra Izak,kizak32@addtoany.com,8fa800b2cbba375332dc9347c549ffb951860fb878e70be919c23e7f1d29e8f3,2021-11-19 06:31:10
wgooderidge33,Willdon Gooderidge,wgooderidge33@hp.com,d39e17b420d919cff0ebd871ba51843abdcce580a347dbe065360289ae137f40,2022-11-14 13:33:50
gdrain34,Guntar Drain,gdrain34@xinhuanet.com,9ae597f12669cfe0d5b7ec9ba9373e594abaf3cd11006e6affb0cff26fd9261c,2022-06-17 19:25:14
acolafate35,Alfy Colafate,acolafate35@livejournal.com,5c38a4fb62fcbb6d17b85cbbe3b001d483a95602c0f44dba3a5a194cf0e758e5,2022-03-15 20:21:01
kgaber36,Kellia Gaber,kgaber36@eepurl.com,701ad5503eeb3d2bbeaeb0ef4fc1b3fb659313b6c7527c436954665d5e821ac9,2022-05-04 02:49:30
dgyer37,Denna Gyer,dgyer37@webnode.com,ca7fc0acd82ccdb7221ea8eecebc8e7eb0516305ce9aa05cc34d0df082ccce4e,2022-01-29 00:35:31
bde38,Base De Ruggero,bde38@1und1.de,3c5bdbe9f55631c518f0db69b7c049c5aa3d1f5a6e6b2e0b5c3bf3be8cb52423,2022-07-13 22:40:15
bsickling39,Bev Sickling,bsickling39@wordpress.com,58f0f50bf492454cbe97ff24ae751317cbb063a90c4fee95a196056136eea586,2022-05-17 08:24:04
vclutheram3a,Vaclav Clutheram,vclutheram3a@webeden.co.uk,5a09c93010e77c90639d4d25d3f208ddddfa6c9316908bdbdefe0db46823ff61,2021-12-05 12:08:07
lwapol3b,Lorilee Wapol,lwapol3b@tinyurl.com,65e727b790a14a12e368a307f8e497afd45ed73f192d78e9782821696825007a,2022-06-16 15:49:13
schoake3c,Spenser Choake,schoake3c@tumblr.com,1a025273cfbc075dc1e62a965cca97fab6a602c4dd7db952fcca4813ab78aadb,2022-01-08 23:32:23
wpostle3d,Wendi Postle,wpostle3d@mapy.cz,54aea3cc7f73d3728044e209ecd4415907da55d2e239fe6dce73b37f59142b7b,2022-07-07 15:18:36
mskelbeck3e,Minny Skelbeck,mskelbeck3e@yellowbook.com,f2e8e066df121a7140eea988ca3bd41008a445bbd06a39e7e76f593a157b7666,2022-07-23 12:20:02
ccoronas3f,Cherida Coronas,ccoronas3f@aboutads.info,3c204af4a3f18830746175a7b364d1e49b929aafae7bc7e9a5a8d08900375aeb,2022-02-01 05:20:12
afilippucci3g,Abrahan Filippucci,afilippucci3g@alibaba.com,5106b2f4a09f59448d0a3454e3eace3c8b4a801931abe950a0989d699e464976,2022-03-15 17:01:33
adurnall3h,Aldridge Durnall,adurnall3h@paginegialle.it,b885ef1a53bf4b2e6b2aa31390db282a27831df45eb1d2a3c0145e14215d0b90,2022-11-05 13:13:31
oedney3i,Ora Edney,oedney3i@theatlantic.com,c542654ad07e17ffb09c918449b6c73e9a4aaee898541e2a72b61b79bd312428,2022-06-22 18:05:19
lbotger3j,Lyon Botger,lbotger3j@posterous.com,e4865453667f969beb4915b4733dea2c1470d5671c97792b41b846dc588603d0,2022-11-11 18:05:42
emathevet3k,Ezri Mathevet,emathevet3k@epa.gov,3cc122b14f96a1e2488d46500c4d2661be42e52f207b8001008edc5cfd64f055,2022-09-13 04:47:49
amacane3l,Almeda MacAne,amacane3l@google.com.hk,b27e6c935ae92acc90b58eb6e045b9baa76a55c5bcd6596fa953ef9f7454d786,2022-06-27 05:48:31
nstarrs3m,Nikoletta Starrs,nstarrs3m@msn.com,774aac9ffb1ce2c517015492b148f8f29656784afecada5e339bc9e88515471e,2022-05-19 20:45:26
uboman3n,Umberto Boman,uboman3n@oracle.com,ec9345caf08cf53b56b78b20e341d2fa7eef7700a593fb39c981ad7f086540b8,2022-08-04 20:28:07
mbarok3o,Maxie Barok,mbarok3o@php.net,e202c0ed6fed22f9b5a926eea407d01c941b7967a155d9384627753f41df2efc,2022-07-04 12:24:51
mizkovici3p,Merrile Izkovici,mizkovici3p@ed.gov,a5aefdbbc1588f5d924dd5039927253ba7d3d2708d8ffafbd716c2443778e844,2022-05-12 11:40:04
mhestrop3q,Mack Hestrop,mhestrop3q@apple.com,14308ae8877075a94b0a2906ee1ad9f5740224c3b111976ab116d5f15b6e8d80,2022-01-07 23:45:36
larguile3r,Lynnette Arguile,larguile3r@opera.com,2a26894da0e9e615b77f8b84d41e065fa81a59b1315f7ed38176da2652e6b05f,2022-06-04 12:05:11
smcillrick3s,Sly McIllrick,smcillrick3s@upenn.edu,4321f4982789e57131ddbd9e113a4ec80b977688471adec3830e8b1fdad392c9,2022-05-30 02:00:15
jjeannesson3t,Jeanelle Jeannesson,jjeannesson3t@technorati.com,b07e1c4b83ffc094143e09aeb59b2a862e8b04ad6524e78c53705163235dc548,2022-02-02 06:57:40
jauletta3u,Job Auletta,jauletta3u@nhs.uk,b1aef1eee2dfd6c4876e83d842dae682ad12eea3db2f0d62b83648e3210c3ce2,2022-02-09 17:35:48
ajohl3v,Aymer Johl,ajohl3v@umn.edu,240c0218d38de9bb10610efc47c470096f9a07e69227128f15da20028724a730,2022-07-15 03:21:13
rsibbering3w,Revkah Sibbering,rsibbering3w@networkadvertising.org,9d13d8ef127a6e9267e9cf216cac6fcc0fcb0827cf428458a57dbc532dfd6b0d,2022-09-05 04:12:45
dwhiscard3x,Dennis Whiscard,dwhiscard3x@t-online.de,f5df777a743f4da71a8ae45eb4ca9e5bd4441d2dd831b1c87e3e665222f5c6a4,2022-07-12 17:23:41
bmee3y,Bethany Mee,bmee3y@godaddy.com,80af5c08165d59a86b7859b952139df47cb8c528557201321b2b211085053bfc,2022-06-27 11:44:54
fswynley3z,Frants Swynley,fswynley3z@tumblr.com,280af7119b0562c7481de75752693fa435c80e10c7d9e882d77dba472ea57f8d,2022-06-10 14:17:35
linchcomb40,Lauralee Inchcomb,linchcomb40@g.co,3330385c8ffa3d13309f85e349615b1abaaa4cf78fe343220201da2e0d79d488,2022-02-04 18:04:20
rsimmance41,Rurik Simmance,rsimmance41@google.pl,128eacfba9437dfa5f0ef7ab0827a81b8603c6df9eb8e7778223477906d9c799,2021-12-19 07:18:58
pblenkhorn42,Parsifal Blenkhorn,pblenkhorn42@illinois.edu,923c1642a16e3b2fa2cfb9382727b8602041ff141218c4282b1533b4b2fd4962,2022-09-25 11:00:51
bninnoli43,Bentlee Ninnoli,bninnoli43@wsj.com,3ad25a246b631c1e820e6aac0a78907959763f0365460c8b0145e7f76bd68bcd,2022-03-23 11:09:26
tswanbourne44,Thaxter Swanbourne,tswanbourne44@slideshare.net,f5d591279c87c0b57964458236e972c59551bc824c61f0d85a9d6877f8bb4dfc,2022-10-21 06:03:25
tdallman45,Temp Dallman,tdallman45@google.ca,5b38aa08ccc92cb21e82bba064900cceeccf0ece9114aa6ff4f83f9c87d11f38,2022-10-15 22:38:31
sswetman46,Shepard Swetman,sswetman46@telegraph.co.uk,82d81cec8bd541c7723aea66cb291b070a83ddb3d264de4117e75b6cc52d440b,2022-10-12 00:44:22
tagiolfinger47,Tasia Agiolfinger,tagiolfinger47@delicious.com,123c89f17d27a5bdb1bc0abdc4da1ba0af505f0c34bfee59b0cc256224afed7d,2022-06-19 21:52:13
jpitkeathly48,Jeddy Pitkeathly,jpitkeathly48@yelp.com,eee3bc9e85e5091b61876d0b5d245bf6d35b1144d117b14bdb11ce6419751da8,2021-11-30 01:05:25
rbangs49,Rhodia Bangs,rbangs49@github.com,5381070eafb3b3ed399b52f06ac9182adff6b5bd1485160ad202b2a97c3e2c92,2022-04-07 16:52:18
fjozwiak4a,Ferne Jozwiak,fjozwiak4a@storify.com,40ece0235476a65adf75727129700673f05cc2553b863271f50b1e2c5c0ed52b,2022-06-19 22:44:37
dkarlicek4b,Dniren Karlicek,dkarlicek4b@bbb.org,9dc4ad04cb3420a62bb0c11be5c4a5a2ffca822bf34a2bf8fd156dfd4509cf01,2022-03-17 01:56:32
fpenlington4c,Fairfax Penlington,fpenlington4c@delicious.com,2abd07e385c4ff4b651feb2f7c81e04118f7d07fe2780f4fd3674d121f8a215e,2022-07-17 14:51:54
ayerbury4d,Alasdair Yerbury,ayerbury4d@washington.edu,966da671ef0ce7df0783e7b120a97995b4769bdebc5f5dcbfdd441a5212321eb,2022-04-03 03:01:27
rgrigorey4e,Rowena Grigorey,rgrigorey4e@dropbox.com,5e1aa4859302700b6c1a5d27ffb5ded8d5c6153fbfccd47999d31fa8ca0535a3,2022-07-24 22:11:48
bskudder4f,Brit Skudder,bskudder4f@forbes.com,5347163ce68992a6188404707d700b28d8c03cafd1b8d1fe6d68b53ed70ee51b,2022-08-25 01:57:36
lkingston4g,Lou Kingston,lkingston4g@biblegateway.com,b4da5b12ba3729e40dbfff226c44c10c90ac2c143d22f72236c47c0b8778e7e3,2022-04-26 18:22:24
ischowenburg4h,Ilene Schowenburg,ischowenburg4h@seattletimes.com,6dc31dfb4a0687f2a7ee7cf239b344e56f1fa835b0ab9d8eda5b63c472ecfe87,2022-11-24 05:18:59
pkarlmann4i,Patrizius Karlmann,pkarlmann4i@shutterfly.com,ddc228b87dd8d749c95dd88490bcb166e30d04e56cdf3a7026aef29e99076aac,2021-12-05 14:10:02
espeir4j,Elyssa Speir,espeir4j@mac.com,869a911037ba46722f5364a7f2064762e5a9a98a5cb739c55bd460cee4298c83,2022-01-03 17:43:43
cgoulbourne4k,Charis Goulbourne,cgoulbourne4k@yellowbook.com,a152782409d0adbe4dea3e85fefb1493ffae5110a8ebf8ed9182a78d188a8780,2022-04-14 14:50:02
nizhaky4l,Nikkie Izhaky,nizhaky4l@yellowpages.com,1b7bd14cd1f13b9ceafe427c4371c1d436635e858f67db458008bb42f928e5fa,2022-02-01 10:50:06
rnourse4m,Ramon Nourse,rnourse4m@blog.com,76a94fbf302d9b88b64a012495933865fdfb72df985b7928d25e324903a7f168,2022-05-20 22:07:23
sclorley4n,Susie Clorley,sclorley4n@yelp.com,2d2c82bbb182be8d5537dac86d174fa1a079ac780bc624175ca033a00705e5a1,2022-06-12 21:13:10
gelland4o,Gavan Elland,gelland4o@zdnet.com,9deb9cb5bc19edcda09e0facde0c9441da7e8fcdb6355ffe5a1d23a4f6b5e822,2022-09-07 17:05:44
ecomino4p,Eduard Comino,ecomino4p@upenn.edu,5029f92d7770a9baf48ee123216c86e89304f3deec7c34c2b069b68962e8b56e,2022-10-14 16:44:28
bbarbera4q,Bud Barbera,bbarbera4q@shareasale.com,6777e023771a4ad75f4672bc255f4e7de7840363886603e0e19cb243eead07cd,2022-10-15 03:18:14
klattka4r,Kriste Lattka,klattka4r@plala.or.jp,59644b3384d20dc7f00007f25ca4bd872d32579ba7c3c01529965688eea14db3,2022-10-11 20:28:45
fgammon4s,Florella Gammon,fgammon4s@dropbox.com,eea43d280690c0bd6ea736c1c6a6fca5100a1613629aeeb87d4349b125665a00,2022-09-16 09:44:09
agavey4t,Alejandrina Gavey,agavey4t@istockphoto.com,8b47bfdcae4674359ccf609cdeaf3cfc807fb02d28e5034d94741cac7a9bdd6d,2022-10-30 01:09:17
ahartopp4u,Amanda Hartopp,ahartopp4u@odnoklassniki.ru,116076c8613ab46f594600fc971547ce35f97d7c23fe39f0482357011b842718,2022-11-01 13:43:04
cjacquemy4v,Corinne Jacquemy,cjacquemy4v@xing.com,1800daa0039b551b4ead95fd2e8f94172e49818e15f021c608be4d833097931e,2022-02-27 01:49:01
rstileman4w,Roxi Stileman,rstileman4w@sciencedaily.com,bbe269346c917a8689d25b13e5614836895e24f6c70cd1a7085f284576b8f58a,2022-09-05 09:24:08
edagwell4x,Eli Dagwell,edagwell4x@accuweather.com,43480d7839a5a591e3c050117dc0ed4e5d8d1c8c116b15aa3297fd8003998a9d,2022-01-18 03:59:00
ksutterby4y,Karilynn Sutterby,ksutterby4y@google.de,4c4ed3bafac40c97df3cc3879b66d12b7e5f5bbe9ec619d58377c1bc5a11939a,2022-11-19 10:44:42
rshyram4z,Richie Shyram,rshyram4z@go.com,4541fc9013844552decf47a7f4fb21d8b3bb55737514368d4c65a92847a79a05,2022-08-04 01:50:51
lwhitrod50,Loise Whitrod,lwhitrod50@prnewswire.com,7a4e27970658e272be39f825c8d0abeaf0fa60e0ce6a58868a097bbbe85f8e7a,2022-06-24 12:13:32
cleyband51,Conroy Leyband,cleyband51@plala.or.jp,b5f1977704847ec072c59eede831d6944b88c670bafb4ac175cb4fc75c8daaa4,2022-07-24 22:02:24
gthickett52,Georgetta Thickett,gthickett52@umn.edu,5cb331a0d89247ab4ec6bba62819896a9e5b1fa9143180eb134ec9ceacd22171,2021-12-07 19:43:16
mstapells53,Mellie Stapells,mstapells53@senate.gov,b0b0ccd80939427103e45dd8f3a39299f4a2e292e77b5bef7db2e58caf1ee93b,2022-02-15 11:07:07
mdymock54,Melantha Dymock,mdymock54@zdnet.com,22e0293f143ceab639cfcac24a6f7838fa0bde61a991d6222abb4a6a2234c5aa,2021-11-21 07:01:35
natcherley55,Neall Atcherley,natcherley55@forbes.com,6766ab88bc5748a43df2c2532e15b478c186f445d80f9fbddc88a4fed38e9287,2022-01-09 14:09:21
asnodin56,Anthe Snodin,asnodin56@prlog.org,cb50c4cc1e9dd41f34badc8170446a744a6707ccdfff99bca085c5159f5d1db3,2021-12-26 20:57:43
bhimsworth57,Benoit Himsworth,bhimsworth57@mozilla.org,cabde906a7601b85eb8329c8e697d853c9c9c7e374c2cfbf4c56dcb66a9a1d71,2022-09-17 03:58:51
eoloughnan58,Ethelind O'Loughnan,eoloughnan58@php.net,1d545f4cf390f3b0b03aa4e01e7d90b4c187296e66f6a45532a6bf843d6b2e4f,2022-08-14 06:39:37
ablankley59,Alden Blankley,ablankley59@elegantthemes.com,e5b0b7a942291b5a729bb9ef820d9728b21b3e5fb2b142c144442631ef2385e6,2022-02-14 20:48:55
dertelt5a,Deanna Ertelt,dertelt5a@photobucket.com,0750674a8ccee1dda8178f77cb9a0e7008607e3c578331f9c112a3df2ffc3862,2022-01-20 02:27:52
vjeram5b,Valencia Jeram,vjeram5b@drupal.org,cbf887450a8ce73c3c4ba9c8c116ad28217123d4528ffc5ba85b10a8602773c6,2022-06-21 03:48:31
detherson5c,Dominik Etherson,detherson5c@uiuc.edu,7d0425def17908da1e0d1df65078654ba08ce7b8eda073f444db7c4bf91d754b,2022-06-11 23:57:28
rsimenel5d,Rori Simenel,rsimenel5d@meetup.com,596827d3d89da8c1fc900dad1f55a2ecd0f4a0c8b9178c3c5832f68c91cb4cda,2022-08-20 08:18:47
nsprey5e,Nelia Sprey,nsprey5e@ebay.com,6ae10e7b10572a7cf24f1963a25f3b6c008be8e551782f930a27733b30ea745a,2021-12-24 04:06:41
fcasaletto5f,Felicity Casaletto,fcasaletto5f@baidu.com,f10c991d5d32fc5c6dadb009a3057d95206c0e9ade1b25d703a4722f4e56bb62,2022-08-29 11:13:40
chelleckas5g,Curr Helleckas,chelleckas5g@mysql.com,ae7a85f3fe72792e22e1d257135761610a34d2fe5f7cd100273b0147f0ea211b,2022-01-30 23:13:55
smchenry5h,Skell McHenry,smchenry5h@webmd.com,01c010561424ba707554273bce8c3fcc765073e73b2010c4e481acc9f36c617b,2021-12-06 02:39:32
daberkirder5i,Dudley Aberkirder,daberkirder5i@multiply.com,8dc480f61c67e5813ae12b073559f0d2f113cb634f3806e93aa025fda08302f6,2022-01-10 03:45:03
pchurchward5j,Phillie Churchward,pchurchward5j@t-online.de,5b42f5b42ff3dc0a0e30f0c216fc682f25b2bd30e68900a36f99725d3441166e,2022-04-10 20:08:16
