id_user,ds_message,dt_log
11,Configurable even-keeled monitoring,2022-09-29 00:15:33
7,Triple-buffered demand-driven firmware,2022-07-17 00:21:27
9,Advanced empowering array,2022-10-07 17:22:15
5,Seamless uniform core,2022-04-07 08:45:42
5,Re-engineered scalable service-desk,2022-04-26 08:06:13
5,Vision-oriented optimizing instruction set,2022-10-17 00:56:46
2,Proactive client-driven support,2022-04-12 21:35:26
5,Extended background middleware,2022-01-16 05:02:19
3,Implemented next generation software,2022-11-16 04:27:25
3,Optional transitional task-force,2022-11-18 23:36:09
10,Right-sized incremental customer loyalty,2022-03-07 05:13:34
1,Managed static groupware,2022-03-03 12:16:36
10,Focused responsive function,2021-12-20 03:05:06
9,Open-architected reciprocal core,2022-06-25 21:11:53
5,Assimilated solution-oriented matrices,2022-06-26 09:12:56
3,Pre-emptive contextually-based utilisation,2022-07-23 07:56:56
8,Self-enabling bifurcated model,2022-04-12 16:04:20
11,Automated foreground approach,2022-09-07 18:29:22
2,Total asymmetric website,2021-12-28 19:21:41
7,Reduced homogeneous hub,2022-07-01 19:38:49
9,Centralized needs-based flexibility,2022-02-14 01:05:38
11,Face to face high-level customer loyalty,2022-07-04 16:32:58
10,Managed web-enabled website,2022-10-29 18:14:44
7,Horizontal tangible complexity,2022-03-08 07:03:31
10,Assimilated contextually-based middleware,2022-10-15 10:24:10
2,Fundamental stable concept,2021-12-11 16:23:48
10,Future-proofed static local area network,2022-10-13 18:44:39
1,Diverse composite frame,2022-07-16 12:13:18
10,Compatible grid-enabled intranet,2022-08-24 22:40:54
11,Triple-buffered logistical architecture,2022-10-26 00:33:14
11,Function-based intangible array,2022-03-19 18:00:10
1,De-engineered bandwidth-monitored productivity,2022-05-04 07:15:25
3,Profit-focused well-modulated groupware,2022-06-30 22:46:56
10,Synergistic needs-based flexibility,2022-04-17 05:00:40
6,Business-focused client-driven portal,2022-11-14 03:57:25
9,Grass-roots zero defect projection,2021-12-31 00:43:17
10,Multi-lateral asynchronous solution,2022-06-16 09:37:54
4,Self-enabling mobile workforce,2022-11-09 22:05:11
4,Up-sized intermediate software,2022-11-03 06:19:09
7,Compatible motivating budgetary management,2022-07-08 19:40:46
